{
    "Mahindra & Mahindra": [
      "Mahindra Jivo 225 DI (20 HP)",
      "Mahindra Jivo 225 DI 4WD (20 HP)",
      "Mahindra Jivo 245 DI (24 HP)",
      "Mahindra Jivo 245 DI 4WD (24 HP)",
      "Mahindra 265 DI (30 HP)",
      "Mahindra 275 DI TU (39 HP)",
      "Mahindra 275 DI ECO (35 HP)",
      "Mahindra Yuvo 275 DI (35 HP)",
      "Mahindra 415 DI (40 HP)",
      "Mahindra Yuvo 415 DI (40 HP)",
      "Mahindra 475 DI (42 HP)",
      "Mahindra 575 DI (45 HP)",
      "Mahindra 575 DI XP Plus (47 HP)",
      "Mahindra Yuvo 575 DI (45 HP)",
      "Mahindra Yuvo 575 DI 4WD (45 HP)",
      "Mahindra 585 DI (50 HP)",
      "Mahindra 585 DI XP Plus (50 HP)",
      "Mahindra Arjun 555 DI (49 HP)",
      "Mahindra Arjun Novo 605 DI (57 HP)",
      "Mahindra Arjun Novo 605 DI 4WD (57 HP)",
      "Mahindra Novo 655 DI (65 HP)",
      "Mahindra Novo 755 DI (75 HP)",
      "Mahindra Novo 755 DI PP 4WD CRDi (75 HP)"
    ],
    "Swaraj": [
      "Swaraj 717 (15 HP)",
      "Swaraj 724 XM (25 HP)",
      "Swaraj 744 FE (48 HP)"
    ],
    "Sonalika": [
      "Sonalika DI 35 (39 HP)",
      "Sonalika DI 42 RX (42 HP)",
      "Sonalika DI 50 RX (52 HP)"
    ],
    "Powertrac": [
      "Powertrac 425 N (25 HP)",
      "Powertrac 439 Plus (41 HP)",
      "Powertrac 4455 BT (55 HP)"
    ],
    "Farmtrac": [
      "Farmtrac 45 Smart (48 HP)",
      "Farmtrac 6055 T20 (55 HP)"
    ],
    "Eicher": [
      "Eicher 242 (25 HP)",
      "Eicher 333 Super Plus (36 HP)",
      "Eicher 485 (45 HP)"
    ],
    "New Holland": [
      "New Holland 3230 TX (42 HP)",
      "New Holland 5630 TX Plus (75 HP)"
    ],
    "John Deere": [
      "John Deere 5050 D (50 HP)",
      "John Deere 5310 (55 HP)"
    ],
    "Massey Ferguson": [
      "Massey Ferguson 1035 DI (36 HP)",
      "Massey Ferguson 241 DI (42 HP)",
      "Massey Ferguson 7250 Power Up (50 HP)"
    ],
    "Kubota": [
      "Kubota NeoStar B2741 (27 HP)",
      "Kubota MU 5501 (55 HP)"
    ],
    "Preet": [
      "Preet 4049 (40 HP)",
      "Preet 7549 (75 HP)"
    ],
    "Force": [
      "Force Balwan 400 (40 HP)",
      "Force Orchard Mini (27 HP)"
    ],
    "HMT": [
      "HMT 2522 DX (25 HP)",
      "HMT Tractors 5022 DX (50 HP)"
    ],
    "Captain": [
      "Captain 120 DI (15 HP)",
      "Captain 280 DI (28 HP)"
    ],
    "VST": [
      "VST Shakti 932 (30 HP)",
      "VST Shakti 5025 R Branson (50 HP)"
    ],
    "Indo Farm": [
      "Indo Farm 1026 (26 HP)",
      "Indo Farm 3048 DI (50 HP)"
    ],
    "Escorts": [
      "Escorts Steeltrac (18 HP)",
      "Escorts Farmtrac 60 (60 HP)"
    ],
    "Solis": [
      "Solis 5015 E (50 HP)",
      "Solis 6024 S (60 HP)"
    ],
    "Trakstar": [
      "Trakstar 531 (31 HP)",
      "Trakstar 545 (45 HP)"
    ],
    "Hindustan": [
      "Hindustan 60 (60 HP)"
    ],
    "Kartar": [
      "Kartar 5036 (50 HP)"
    ],
    "Same Deutz-Fahr": [
      "Same Deutz-Fahr Agromaxx 4045 E (45 HP)"
    ],
    "Agri King": [
      "Agri King 20-55 (55 HP)"
    ],
    "Standard": [
      "Standard DI 475 (75 HP)"
    ],
    "Montra": [
      "Montra Agri 50 (50 HP)"
    ],
    "Maxgreen": [
      "Maxgreen 40X (40 HP)"
    ],
    "Celestial": [
      "Celestial Tractor 60 (60 HP)"
    ],
    "Marut": [
      "Marut 4049 DI (40 HP)"
    ],
    "Valdo": [
      "Valdo 6045 (60 HP)"
    ],
    "Autonxt": [
      "Autonxt 5024 (50 HP)"
    ],
    "HAV": [
      "HAV Agri X 70 (70 HP)"
    ]
  }
  